{
    "model_name": "res_net_18_full",
    "params": 11176778,
    "test_accuracy": 0.9557,
    "training_speed": 24.638326958020528,
    "inference_speed": 0.00015000991821289062,
    "loss": [
        1.8942571206474303,
        0.9310945877456666,
        0.8003362928771973,
        0.7519554477119446,
        0.71371288356781,
        0.6849318021011352,
        0.6670937010002136,
        0.6491340664863586,
        0.6304085942077636,
        0.626373471622467,
        0.6088059796333313,
        0.6004098133087158,
        0.5924140796279908,
        0.5845893614578247,
        0.5793409327125549,
        0.5750659337997437,
        0.5703294226074219,
        0.5576994060897827,
        0.5539216437339782,
        0.5504566160964965,
        0.5434282980728149,
        0.5369361860466003,
        0.5322730228805542,
        0.526588415260315,
        0.5250507508087158,
        0.5149648424530029,
        0.5170297243404388,
        0.513719077091217,
        0.5106606594657898,
        0.49821347066879274,
        0.5014207404327392,
        0.4948336191558838,
        0.4949687531661987,
        0.4891528401565552,
        0.4858424334907532,
        0.49167839250564577,
        0.48162555479049685,
        0.481836807346344,
        0.4748400089263916,
        0.47492422117233274,
        0.4695686247730255,
        0.46758488150596617,
        0.46456279623031616,
        0.46280528705596924,
        0.4620286225891113,
        0.45897598278045654,
        0.4577058479118347,
        0.4489774359512329,
        0.4529463950252533,
        0.4521666959762573,
        0.42931051864624026,
        0.42091642400741575,
        0.41431499364852903,
        0.4123570642852783,
        0.4106777760505676,
        0.4123076778793335,
        0.40982911211013795,
        0.41045765005111695,
        0.4057790783882141,
        0.4061644159126282,
        0.4057795271110535,
        0.40540626645088196,
        0.40579556940078737,
        0.40274417108535765,
        0.40192648794174196,
        0.403622132396698,
        0.40189363745689394,
        0.39817443815231324,
        0.4029420768928528,
        0.4004269508266449,
        0.39868941310882566,
        0.3981988475704193,
        0.39979187377929687,
        0.3971517600250244,
        0.3952798411655426,
        0.39886926508903503,
        0.3960892228794098,
        0.3929617238616943,
        0.3945329206180572,
        0.39292877202034,
        0.39133997701644896,
        0.3935237431526184,
        0.3917836719894409,
        0.39662797090530394,
        0.39737930260658266,
        0.39293840875625613,
        0.3941572779083252,
        0.3940082365512848,
        0.389856564912796,
        0.39285105007171633,
        0.389860542678833,
        0.3921040326690674,
        0.390330326089859,
        0.3898429200839996,
        0.38773622575759886,
        0.3868238584327698,
        0.3906007549190521,
        0.390023039188385,
        0.3876493256187439,
        0.38808860082626345,
        0.38692183164596555,
        0.38729505643844603,
        0.3872935127449036,
        0.38803755330085754,
        0.38350337842941284,
        0.3861732377719879,
        0.3860625860404968,
        0.38560523156166077,
        0.38327077927589415,
        0.38639861265182496,
        0.3850352179145813,
        0.3878047930431366,
        0.3854448566532135,
        0.38293623589515685,
        0.38430523858070376,
        0.38610464162826535,
        0.38421361889839173,
        0.38074460465431215,
        0.382494278087616,
        0.38358544672966005,
        0.3825459600830078,
        0.38468589592933655,
        0.3851107908821106,
        0.38387189056396487,
        0.38294798210144043,
        0.38141772770881655,
        0.38319156393051146,
        0.38457168754577636,
        0.38418764986038206,
        0.3848866329193115,
        0.38532929938316346,
        0.3812295941352844,
        0.38498240308761594,
        0.3826918766975403,
        0.38439324937820435,
        0.38529661096572876,
        0.38064188796043397,
        0.38312384474754335,
        0.3823661696815491,
        0.38314996160507203,
        0.384701171875,
        0.38342433190345765,
        0.38292609511375425,
        0.3849613606071472,
        0.3850861929893494,
        0.38066532689094545,
        0.3843576431083679,
        0.3839182445144653,
        0.38140839890480044,
        0.3850533246421814
    ],