{
    "model_name": "res_net_18_full",
    "params": 11176778,
    "test_accuracy": 0.954,
    "training_speed": 26.799856216112772,
    "inference_speed": 0.00014690294265747071,
    "loss": [
        2.098445372581482,
        1.0729652738761901,
        0.9055573711395264,
        0.8358299053955078,
        0.7910904494857788,
        0.7503214926338195,
        0.8367987071800231,
        0.7474909851455689,
        0.7053094392776489,
        0.6837258137893677,
        0.6743452626419068,
        0.6628287955474853,
        0.6577987802505493,
        0.640192901878357,
        0.6696838361740113,
        0.6338340266990662,
        0.6298305509376526,
        0.6368109984397888,
        0.615418014125824,
        0.6035457002449036,
        0.6014280540466309,
        0.5978230339050293,
        0.5917897270584106,
        0.5839833889389038,
        0.57442034866333,
        0.5757319495201111,
        0.6050059325027466,
        0.6164847583198547,
        0.576733117275238,
        0.5588279020023346,
        0.5542684869384765,
        0.5618492886543274,
        0.5485715773010253,
        0.5458056740951538,
        0.5444937347221375,
        0.5385755061244965,
        0.538189917793274,
        0.5331457405471802,
        0.5303126376914978,
        0.5252741606521606,
        0.520713664073944,
        0.5195554790878296,
        0.5190087036705017,
        0.5167338368034363,
        0.5124873589324951,
        0.5116992518806458,
        0.5107022295951843,
        0.5060865474510193,
        0.5042887207984924,
        0.4989534198188782,
        0.4781145595932007,
        0.46806009017944333,
        0.46070258714675905,
        0.4612119260978699,
        0.46116361864089966,
        0.4561408368873596,
        0.4579803002357483,
        0.4567568215751648,
        0.4545718475914001,
        0.45235953574180604,
        0.45384168473243713,
        0.4526911171913147,
        0.4500229353141785,
        0.4490235601902008,
        0.44857615889549257,
        0.4478360822677612,
        0.4443560613918304,
        0.44425200811386106,
        0.45007688875198365,
        0.4430567415904999,
        0.4449137261390686,
        0.4455146468544006,
        0.4463105186367035,
        0.44581926666259764,
        0.44322056390762327,
        0.4381142675113678,
        0.43895352199554444,
        0.4411366370010376,
        0.44323132627487183,
        0.43809959159851075,
        0.43779069513320923,
        0.43773725922584533,
        0.43727231996536253,
        0.4339174269962311,
        0.43517791473388673,
        0.43576918100357054,
        0.4325390591430664,
        0.4364757019329071,
        0.43337763564109805,
        0.43222793847084046,
        0.4354439860343933,
        0.43176040327072146,
        0.4323820275306702,
        0.43360919368743894,
        0.43261242635726926,
        0.4318673267173767,
        0.43128028966903686,
        0.4338184098911285,
        0.43044572023391725,
        0.4284992205142975,
        0.42361952315330503,
        0.42607026636123657,
        0.4275044707298279,
        0.4278396511936188,
        0.4272575218963623,
        0.42685738161087033,
        0.42469703979492185,
        0.4229956884765625,
        0.4249045915031433,
        0.4245640390586853,
        0.42694818457603456,
        0.42630779191970825,
        0.42648348678588865,
        0.42532001291275023,
        0.42443437341690066,
        0.4235561457157135,
        0.42410781249046325,
        0.424051780834198,
        0.423534186038971,
        0.42050857565879823,
        0.4221041306209564,
        0.42449463981628416,
        0.42688525856971743,
        0.42493179574966433,
        0.4249495251274109,
        0.4234237340736389,
        0.4213981482028961,
        0.4243379271888733,
        0.420523411693573,
        0.42593983287811277,
        0.42323239861488343,
        0.4222377045440674,
        0.4237122078037262,
        0.42065606842041015,
        0.42194646713256834,
        0.42295045148849486,
        0.42311348731040954,
        0.4236860840034485,
        0.42792656991958616,
        0.42366346528053284,
        0.42218274384498594,
        0.4229851073551178,
        0.42279536747932434,
        0.4201834554386139,
        0.4219199801063538,
        0.4227094013977051,
        0.42241057794570924,
        0.4219994406795502,
        0.4233551969909668,
        0.4241005703163147
    ],