{
    "model_name": "res_net_18_light",
    "params": 2799018,
    "test_accuracy": 0.9543,
    "training_speed": 14.991825114885966,
    "inference_speed": 9.064981937408447e-05,
    "loss": [
        1.4288868343734742,
        0.9054015696716309,
        0.8102465373420715,
        0.7615483403778076,
        0.730463385181427,
        0.7123407988357544,
        0.6944288097000122,
        0.6806639917182923,
        0.6657415003204346,
        0.6595160036087037,
        0.6463095764541626,
        0.6370780232429505,
        0.6310156596946717,
        0.6218232730674743,
        0.6150213231658935,
        0.6135046506309509,
        0.6039432508659363,
        0.5959074494171143,
        0.5926773681259155,
        0.5876271982765198,
        0.579425476360321,
        0.5736853151607514,
        0.5751744032859802,
        0.5708130320358277,
        0.5689157202911377,
        0.558521335773468,
        0.5569862280464173,
        0.5541090961074829,
        0.5547046846199035,
        0.5507579370880127,
        0.5475035847473144,
        0.5439846231651306,
        0.5392492004013062,
        0.5417900498580933,
        0.5403372318077088,
        0.5338748779392243,
        0.5282173310089111,
        0.5260792177963257,
        0.5302447797775268,
        0.5257652904510498,
        0.5228704350280762,
        0.5194096084213257,
        0.5175322017478943,
        0.5169846124362946,
        0.5153963344192505,
        0.5146138359642028,
        0.5117880589866638,
        0.5075571485710144,
        0.5080322937965394,
        0.5075991432762146,
        0.4877309341812134,
        0.47778462450027465,
        0.4738363721656799,
        0.4740785342311859,
        0.46622513449668884,
        0.46846086899757383,
        0.46811715965270995,
        0.46488005002021787,
        0.46790153318405153,
        0.46542536328315737,
        0.46224384632110593,
        0.4623861560630798,
        0.45992703834533694,
        0.46359192704200747,
        0.459619198551178,
        0.4590286294746399,
        0.4607855718803406,
        0.45987151099205015,
        0.46178007391929626,
        0.4563852235221863,
        0.4552997152328491,
        0.4545393747806549,
        0.4582413523674011,
        0.45501789649009705,
        0.4566277593231201,
        0.4570092931938171,
        0.45360739818573,
        0.45144560914993287,
        0.45603185810089114,
        0.45274263999938963,
        0.45613877492904664,
        0.4532168907356262,
        0.4515217715454102,
        0.45280456089019777,
        0.45242133657455447,
        0.45226828291893006,
        0.4518962430381775,
        0.4482666228103638,
        0.44862994274139406,
        0.4463928882217407,
        0.4472268117618561,
        0.4454319320869446,
        0.4482333946418762,
        0.45002314531326293,
        0.446356224822998,
        0.44840052836418154,
        0.4480862616348267,
        0.44826570855140685,
        0.44462591970443727,
        0.4476011647987366,
        0.444174308013916,
        0.4438149696159363,
        0.4418217037010193,
        0.4438371511936188,
        0.44527995087623595,
        0.44100103095054627,
        0.4399447666835785,
        0.4369768255805969,
        0.44291879596710204,
        0.44087295977592467,
        0.44184322504043577,
        0.43837723514556887,
        0.44060874942779543,
        0.44230369195938113,
        0.4440818668746948,
        0.439980477848053,
        0.4400877684116363,
        0.44126642000198363,
        0.44379529638290405,
        0.4404617267417908,
        0.44276048110961913,
        0.44089804151535034,
        0.4403612774372101,
        0.4413676616859436,
        0.4420014468288422,
        0.4420328316307068,
        0.4435202433681488,
        0.43883926889419556,
        0.44365690727233886,
        0.4400781563949585,
        0.4404154335975647,
        0.44020922981262206,
        0.44145483228683474,
        0.4413019133758545,
        0.43989430530548096,
        0.44174813175201416,
        0.4418652131843567,
        0.4407005905818939,
        0.43696391373634336,
        0.4412830341911316,
        0.43868451904296873,
        0.44014075028419497,
        0.4387418734645844,
        0.438749363861084,
        0.4386927955818176,
        0.44245373915672304,
        0.44225701959609987,
        0.4400863394737244,
        0.4416813220787048,
        0.4378665476989746
    ],