{
    "model_name": "res_net_18_light",
    "params": 2799018,
    "test_accuracy": 0.9552,
    "training_speed": 12.84299280802409,
    "inference_speed": 9.221408367156983e-05,
    "loss": [
        1.2703432646942139,
        0.805004458618164,
        0.7363746186828614,
        0.6916245811843872,
        0.6699385018730164,
        0.6475006600952149,
        0.6365722570991517,
        0.6256929418563842,
        0.6091767019271851,
        0.5999718761062622,
        0.5933050786209106,
        0.5871033955192566,
        0.5789427646064759,
        0.5760555160903931,
        0.5662104158592224,
        0.5644650625228882,
        0.5584318872451782,
        0.5542154705429078,
        0.5492468148422242,
        0.5435133236312866,
        0.5400418503189087,
        0.5327021902275085,
        0.5332708062934876,
        0.527649829492569,
        0.521803783416748,
        0.5214757635879517,
        0.5143886979484558,
        0.5196686969566345,
        0.5146573938751221,
        0.5093602585220337,
        0.5073904412174225,
        0.5036042294883728,
        0.5069195625686646,
        0.5016929479598999,
        0.4966277945709229,
        0.496258958568573,
        0.4912520126247406,
        0.49148171049118045,
        0.4912011383056641,
        0.4850088084506988,
        0.4847729851150513,
        0.48086182410240175,
        0.481408671169281,
        0.4801762306308746,
        0.4748063874721527,
        0.47522530841827393,
        0.47242733306884765,
        0.47220209166526794,
        0.4702021411895752,
        0.46913018157958986,
        0.4420883659362793,
        0.43897553480148316,
        0.4385045250606537,
        0.43442737641334533,
        0.43104727133750914,
        0.42998680196762085,
        0.4312310371398926,
        0.4292588036251068,
        0.4278067610645294,
        0.4263702635383606,
        0.42528217383384703,
        0.42650548325538634,
        0.42557322881698606,
        0.4234479675102234,
        0.42177324792861937,
        0.42080163725852965,
        0.4217778093624115,
        0.4208852268886566,
        0.4239468873214722,
        0.42036435678482054,
        0.4255833055877686,
        0.41863878960609435,
        0.41910846807479857,
        0.41835010744094847,
        0.4175160015106201,
        0.4155045659446716,
        0.417652274684906,
        0.41677206148147583,
        0.4140756056022644,
        0.41477651564598084,
        0.4150057619667053,
        0.4171429705142975,
        0.4145903590488434,
        0.4117074391651154,
        0.4166769953918457,
        0.4165319682312012,
        0.41496342338562014,
        0.41198926824569704,
        0.41482635334968565,
        0.4132494916534424,
        0.411308613910675,
        0.4117377628803253,
        0.40830552458763125,
        0.4104364430427551,
        0.41000483061790466,
        0.411331935043335,
        0.4099883496570587,
        0.40942316452980043,
        0.40628357214927674,
        0.41000408014297485,
        0.40774224371910095,
        0.4081605856513977,
        0.4060533664703369,
        0.40547989904403686,
        0.40686891591072083,
        0.40535424555778504,
        0.4033044383907318,
        0.40279481241226195,
        0.4075648504638672,
        0.40558704439163207,
        0.40592913336753844,
        0.40786268732070924,
        0.40715326188087464,
        0.4052743261051178,
        0.40552182028770445,
        0.40754255652427673,
        0.4055563854980469,
        0.407480860080719,
        0.40692748693466185,
        0.4075383435058594,
        0.40741723462104795,
        0.40565435965538027,
        0.4017094053649902,
        0.40564396936416625,
        0.40575682199478147,
        0.4066754223823547,
        0.40399357091903687,
        0.4070045421123505,
        0.4072704401397705,
        0.4036781994819641,
        0.4050958728027344,
        0.4037458969116211,
        0.40529100173950194,
        0.40455848039627074,
        0.40385612846374513,
        0.40442563804626463,
        0.40495180715560913,
        0.4039530267524719,
        0.405122556886673,
        0.40476009385108946,
        0.4025943417930603,
        0.4024346785545349,
        0.40426035760879514,
        0.4004587260437012,
        0.403958215713501,
        0.40487692254066465,
        0.4052833924674988,
        0.4044683059692383,
        0.40604856534957884,
        0.404506551361084
    ],