{
    "model_name": "res_net_18_light",
    "params": 2799018,
    "test_accuracy": 0.9497,
    "training_speed": 14.726539030075074,
    "inference_speed": 9.063138961791992e-05,
    "loss": [
        0.7967962101078033,
        0.41375583024978635,
        0.34473887040138246,
        0.3090892686653137,
        0.2779233218955994,
        0.2672898935651779,
        0.2503773583841324,
        0.24115808324813842,
        0.22786163843154908,
        0.22627775229930877,
        0.21330060223579406,
        0.20701846857070924,
        0.1982920705938339,
        0.19925720650196074,
        0.19290170135498047,
        0.18626440422058105,
        0.1858384229564667,
        0.17998284579277038,
        0.1723394790124893,
        0.16807306998729707,
        0.1637763590335846,
        0.1624849868917465,
        0.15561588102817536,
        0.15250713354110718,
        0.15199016263008117,
        0.15213291297912598,
        0.14541258527994155,
        0.14636283470153807,
        0.14178820504903794,
        0.13649163773536682,
        0.13360019689559938,
        0.12966572402000429,
        0.1272216635477543,
        0.12467462052583694,
        0.12124903417348862,
        0.12260102470636368,
        0.11665256671667099,
        0.11844957985401154,
        0.11399272272586823,
        0.11213942599534989,
        0.11347926043987275,
        0.10578264661312103,
        0.107425204372406,
        0.10271785416126251,
        0.10136693033456802,
        0.09994715651988983,
        0.09946142920017242,
        0.09462548787117005,
        0.09770767174720764,
        0.10181380287647247,
        0.06958500840187072,
        0.06254476669549942,
        0.06323425476074218,
        0.05947804212331772,
        0.05863798830389977,
        0.05488645740151405,
        0.053680577759742734,
        0.052588981049060825,
        0.051170003257989885,
        0.04899925494730473,
        0.050603308078050614,
        0.04722134748220444,
        0.048793869711756706,
        0.045357833030819895,
        0.04499285477757454,
        0.046385858862400056,
        0.04706949276730418,
        0.04247779375314713,
        0.04308224497675896,
        0.04312859838962555,
        0.044844134670495986,
        0.040812005902528765,
        0.04122000116765499,
        0.04089236999332905,
        0.04203873396515846,
        0.04097504282712936,
        0.04027280698776245,
        0.03848860096156597,
        0.03961990537017584,
        0.03727855460226536,
        0.03600010422766209,
        0.03708218597769737,
        0.03512206057906151,
        0.03677443416178226,
        0.03782667449474335,
        0.03799945792883635,
        0.03643682255268097,
        0.03462765619650483,
        0.03574953696608543,
        0.034606554429531096,
        0.035360800385475157,
        0.03465830787837505,
        0.03441980393111706,
        0.035179565904140474,
        0.034412096494436266,
        0.03369543099582195,
        0.03335438482582569,
        0.032417595318555835,
        0.03214312065780163,
        0.03368005615711212,
        0.03212253352195024,
        0.030691378326416014,
        0.03022319552898407,
        0.02957104389667511,
        0.03070709930986166,
        0.030230463296771048,
        0.03202493760883808,
        0.030561968884468077,
        0.02906854159861803,
        0.02961208897933364,
        0.02853230151027441,
        0.03096142197072506,
        0.029831369763612746,
        0.027697039313316345,
        0.03041655094206333,
        0.028061206134259702,
        0.03149061290405691,
        0.028568392499685288,
        0.029877066905349494,
        0.029180315501093866,
        0.029247186535596846,
        0.027042888151705264,
        0.027715043994784354,
        0.029132055644989014,
        0.028218680849671364,
        0.026853006693422794,
        0.030005800818949938,
        0.028857600826621057,
        0.029427776445299387,
        0.028091351833343506,
        0.030463173086941242,
        0.029520232883393765,
        0.027141316614449025,
        0.027670865363180638,
        0.026791483991444112,
        0.029439769763052463,
        0.027145013085007667,
        0.025862862299084664,
        0.027761959763765335,
        0.02775539383649826,
        0.027435483723580838,
        0.028307601040303706,
        0.026665475627407433,
        0.029027020051404832,
        0.027249054349660875,
        0.02735258211135864,
        0.02764676991701126,
        0.02882550263337791,
        0.026964181782901286,
        0.026304175153076648
    ],