{
    "model_name": "res_net_18_full",
    "params": 11176778,
    "test_accuracy": 0.9519,
    "training_speed": 26.488855900764467,
    "inference_speed": 0.00014621598720550538,
    "loss": [
        1.4912774849700927,
        0.5258124543380738,
        0.4146448563671112,
        0.34956518189430236,
        0.3163297346305847,
        0.2908723515701294,
        0.2736999158859253,
        0.2594968796253204,
        0.24271459491729735,
        0.23675152532100677,
        0.22836667417526246,
        0.21751388441562652,
        0.21650035508155824,
        0.20995465575695038,
        0.20098878735542297,
        0.20276716255187988,
        0.19063937312602997,
        0.18891632998466493,
        0.18530665028572083,
        0.1814776500272751,
        0.17115474153518676,
        0.16786950060844422,
        0.16325841606140137,
        0.16389696058750153,
        0.1583926466035843,
        0.14974153268814086,
        0.14585029083013534,
        0.14535560294628144,
        0.13979818023443222,
        0.13803167817115783,
        0.13037482556343077,
        0.12666134264469148,
        0.12539493035316468,
        0.11978973464012146,
        0.11758025421619415,
        0.11427753274440765,
        0.11293683475017548,
        0.11021657399177551,
        0.1060388236951828,
        0.10291539951324463,
        0.10084659983158112,
        0.09931157764434814,
        0.09643610817193984,
        0.09248252208948135,
        0.08956189895153045,
        0.08942810779452325,
        0.08010880261659623,
        0.08679195024490356,
        0.0800032037448883,
        0.08466450352430344,
        0.0537247540974617,
        0.044186999962329866,
        0.044507539842128754,
        0.04097594340205193,
        0.04094662194013596,
        0.039579059200882914,
        0.038239862679243085,
        0.03575197312116623,
        0.03593715313225985,
        0.033302650168538096,
        0.034310381098985675,
        0.03332598494172096,
        0.03259625908613205,
        0.032054407034516334,
        0.030154612568616866,
        0.029530494303703306,
        0.030562522838711737,
        0.02944087991595268,
        0.028681644865870475,
        0.02888562789440155,
        0.027963457052707672,
        0.026134959125220774,
        0.029085115487277508,
        0.02404712709978223,
        0.02800319303393364,
        0.02646734036952257,
        0.025912957819104195,
        0.024165969065725802,
        0.02741699909850955,
        0.026061646880805492,
        0.024510808296501638,
        0.024591619986593722,
        0.025373152933120726,
        0.024474293833673,
        0.02575304208010435,
        0.023588841775506734,
        0.023355522010177373,
        0.0241318935033679,
        0.02341578680321574,
        0.022615240390300752,
        0.023810506146550177,
        0.023259033332318067,
        0.0215415923923254,
        0.022367064371034504,
        0.02219940636128187,
        0.022758596167974175,
        0.022689535884410143,
        0.02246023750502616,
        0.022439875705391167,
        0.022209807163476945,
        0.019510515792667864,
        0.02032295612588525,
        0.0199442383018136,
        0.019611235405206682,
        0.019853818475529552,
        0.020000051878243684,
        0.019117234958745538,
        0.019310470823571086,
        0.019314690562654287,
        0.019206290530636907,
        0.019206762619167567,
        0.017982774752229452,
        0.018826748213768004,
        0.019129619666747748,
        0.018691600361913443,
        0.018973051549606025,
        0.018879714293032885,
        0.020288759172596038,
        0.018711181909814478,
        0.018299773406609893,
        0.018844838734343648,
        0.016959750645309687,
        0.01823694521188736,
        0.018476454878896476,
        0.020720339508503674,
        0.018872395773380995,
        0.01750617945216596,
        0.017268828200623393,
        0.01875907961986959,
        0.017169985127858816,
        0.016252281162440776,
        0.01728838803164661,
        0.0191406901191175,
        0.018048092925995587,
        0.01802175214573741,
        0.017383707647081463,
        0.017462847940176725,
        0.016971082603484393,
        0.018423489983454347,
        0.018753437701649965,
        0.016154956790208817,
        0.017921085463613273,
        0.01905223588049412,
        0.016333998601436615,
        0.01782612561702728,
        0.01656623287126422,
        0.017175615041777493,
        0.015890639360249044,
        0.015296818073242903,
        0.017839046697989105
    ],