{
    "model_name": "simple_net_v2",
    "params": 438890,
    "test_accuracy": 0.9472,
    "training_speed": 8.526945869922638,
    "inference_speed": 3.750159740447998e-05,
    "loss": [
        1.0123993850135804,
        0.8303093714904786,
        0.7805633180046082,
        0.7537462809562683,
        0.7316163950920105,
        0.7170342090988159,
        0.7015621074295044,
        0.6906744729614258,
        0.6829275396347045,
        0.6745433589363098,
        0.6664468745803833,
        0.6591127434158325,
        0.6517914346122742,
        0.6457354732513427,
        0.6448087935256958,
        0.6454865594482422,
        0.6342090186119079,
        0.6299291331100464,
        0.6270417850685119,
        0.6232333331108093,
        0.6144940489387513,
        0.6147541058158874,
        0.6125555153274536,
        0.6107134896278381,
        0.6031739384078979,
        0.6009789432716369,
        0.5975562717247009,
        0.5918753593826294,
        0.5904111797904968,
        0.5923851823234558,
        0.5861302180671691,
        0.5818245450210572,
        0.5798438671684265,
        0.5803592972183228,
        0.5757310604763031,
        0.574535569229126,
        0.5709261000061036,
        0.5711148566818237,
        0.5714514654541015,
        0.5646630785942077,
        0.5640611288833618,
        0.5607302282905579,
        0.5622363798332214,
        0.5626776898765564,
        0.5604004587364196,
        0.5566727536201477,
        0.5561291622161866,
        0.5562027605819703,
        0.55372997549057,
        0.5543483212661743,
        0.5493048401069641,
        0.5513686294364929,
        0.5519152000617981,
        0.5578008701705932,
        0.552796483039856,
        0.5494713241386413,
        0.5509408597183227,
        0.5487739472770691,
        0.5514845959281921,
        0.5461175330352783,
        0.5457966291999817,
        0.5443157678604126,
        0.5438216116142273,
        0.5422833253383637,
        0.5454183836936951,
        0.5433141794395446,
        0.543032578086853,
        0.5409622537422181,
        0.5430476025390625,
        0.5402886206817626,
        0.5386792821311951,
        0.5389048662757874,
        0.5381079347229004,
        0.5386467392063141,
        0.5409017725944519,
        0.5386724134063721,
        0.535718876914978,
        0.5363041154670716,
        0.5415908740615845,
        0.5365157021522522,
        0.5374317486572265,
        0.5377779358482361,
        0.537215541267395,
        0.5388413645744323,
        0.5362551506996155,
        0.5368589620780945,
        0.5375186280441284,
        0.5355913369750976,
        0.5369034505081177,
        0.5387747883605957,
        0.5366322367477417,
        0.5357008416175842,
        0.5356048241233826,
        0.5357016608810424,
        0.5365332314109802,
        0.5328608668518067,
        0.5344261470603943,
        0.5352882336616516,
        0.5366841251182556,
        0.5335593538856507
    ],
    "accuracy": [
        0.7258399724960327,
        0.7897599935531616,
        0.8049399852752686,
        0.8130000233650208,
        0.820580005645752,
        0.8237599730491638,
        0.8292800188064575,
        0.8320800065994263,
        0.8355399966239929,
        0.8364199995994568,
        0.8420000076293945,
        0.8428400158882141,
        0.8447999954223633,
        0.8470399975776672,
        0.8478400111198425,
        0.847100019454956,
        0.8481000065803528,
        0.8522199988365173,
        0.8533200025558472,
        0.8563799858093262,
        0.8595799803733826,
        0.859499990940094,
        0.8598200082778931,
        0.86080002784729,
        0.8635200262069702,
        0.8648999929428101,
        0.8664799928665161,
        0.8670399785041809,
        0.8676000237464905,
        0.8671799898147583,
        0.868340015411377,
        0.8728200197219849,
        0.8718199729919434,
        0.8728399872779846,
        0.8736600279808044,
        0.8746200203895569,
        0.8735399842262268,
        0.8779799938201904,
        0.8746600151062012,
        0.8766999840736389,
        0.8788400292396545,
        0.8789600133895874,
        0.8797600269317627,
        0.8783199787139893,
        0.8790599703788757,
        0.881600022315979,
        0.8806999921798706,
        0.878600001335144,
        0.8798999786376953,
        0.8795999884605408,
        0.8841599822044373,
        0.8842399716377258,
        0.883080005645752,
        0.8811399936676025,
        0.8850200176239014,
        0.8837199807167053,
        0.8826599717140198,
        0.8834599852561951,
        0.881820023059845,
        0.8852999806404114,
        0.8841000199317932,
        0.8866999745368958,
        0.887220025062561,
        0.8866400122642517,
        0.887660026550293,
        0.8866199851036072,
        0.8878399729728699,
        0.8890399932861328,
        0.8868600130081177,
        0.8857399821281433,
        0.8885200023651123,
        0.8866199851036072,
        0.8884400129318237,
        0.8889200091362,
        0.8873000144958496,
        0.888979971408844,
        0.8907600045204163,
        0.8873199820518494,
        0.8877999782562256,
        0.8884999752044678,
        0.8871999979019165,
        0.8877400159835815,
        0.8890799880027771,
        0.8862000107765198,
        0.8906800150871277,
        0.8890200257301331,
        0.8891199827194214,
        0.8895999789237976,
        0.8875600099563599,
        0.8877000212669373,
        0.888759970664978,
        0.8897799849510193,
        0.8896600008010864,
        0.8872799873352051,
        0.8892999887466431,
        0.891700029373169,
        0.8896999955177307,
        0.8896600008010864,
        0.8905400037765503,
        0.8899800181388855
    ],