{
    "model_name": "simple_net_v2",
    "params": 438890,
    "test_accuracy": 0.9457,
    "training_speed": 8.157601420879365,
    "inference_speed": 0.00010102305412292481,
    "loss": [
        0.5608497438240051,
        0.3743962046527863,
        0.3263696126270294,
        0.30278656212806704,
        0.2862970603942871,
        0.2716917986869812,
        0.26432734105110167,
        0.2533480507802963,
        0.2454735754966736,
        0.23812517983436585,
        0.23140001004695893,
        0.22675185244083404,
        0.22242093196868898,
        0.214146587600708,
        0.2102272195672989,
        0.2075848703289032,
        0.20591798683643342,
        0.2029900786972046,
        0.19391416895866395,
        0.19064163870334624,
        0.18907247520446777,
        0.1820983250617981,
        0.1802185019302368,
        0.17201450670719146,
        0.16698580814361572,
        0.16412532718658449,
        0.159941002035141,
        0.15763825246810914,
        0.15678956063747407,
        0.15221347272396088,
        0.15268842546463013,
        0.14577885140419006,
        0.14280216266155243,
        0.13971063980102538,
        0.1369455492401123,
        0.13463298539161683,
        0.13420264226913453,
        0.13288357682228089,
        0.1305877166080475,
        0.12582875121116638,
        0.12299380743026733,
        0.12198909955501556,
        0.11780857274055481,
        0.11747122121810913,
        0.11669076467990876,
        0.11480888674736023,
        0.11047921383857727,
        0.11123055443763732,
        0.10898061276435853,
        0.10787403644084931,
        0.10726752998828888,
        0.1044634767973423,
        0.10421825543642044,
        0.10216065979003906,
        0.09974973418235779,
        0.10081148051738739,
        0.09916941699266434,
        0.09864752113461495,
        0.09697160511732102,
        0.09886622076511382,
        0.09776761212348938,
        0.09775124686717987,
        0.09794768363714218,
        0.0951523952627182,
        0.09307605155944824,
        0.09172861043691635,
        0.09332379549980163,
        0.08959430401802063,
        0.09109059756755829,
        0.09155927439451218,
        0.0907762037372589,
        0.08873406933784485,
        0.09118269793272019,
        0.08866904926538467,
        0.08654199798583985,
        0.08891438221693039,
        0.0879457336807251,
        0.08562706546068191,
        0.0871583521938324,
        0.0850231035900116,
        0.084575450963974,
        0.08533345335245132,
        0.0838345248234272,
        0.08465208753585815,
        0.08413626152276993,
        0.08608850643992425,
        0.08457033614158631,
        0.08381160667181015,
        0.08427483488082886,
        0.08577238563776016,
        0.08397049495458603,
        0.08388911385774613,
        0.08229140404701232,
        0.08478714656710624,
        0.08243315250396728,
        0.08238925758004188,
        0.08075241817235947,
        0.08094094037294387,
        0.08085508387327195,
        0.08029488384366036
    ],
    "accuracy": [
        0.7936999797821045,
        0.8619400262832642,
        0.8803200125694275,
        0.8885800242424011,
        0.8949000239372253,
        0.8995199799537659,
        0.9021199941635132,
        0.9059799909591675,
        0.9094600081443787,
        0.9121800065040588,
        0.9150599837303162,
        0.9159799814224243,
        0.9175599813461304,
        0.9215999841690063,
        0.922760009765625,
        0.9215400218963623,
        0.923740029335022,
        0.9248200058937073,
        0.9289399981498718,
        0.9295799732208252,
        0.9297599792480469,
        0.9331799745559692,
        0.9328200221061707,
        0.9362800121307373,
        0.9385600090026855,
        0.9394599795341492,
        0.9399600028991699,
        0.9410399794578552,
        0.9414799809455872,
        0.9441999793052673,
        0.943880021572113,
        0.9452400207519531,
        0.9477400183677673,
        0.9491400122642517,
        0.9502800107002258,
        0.9505199790000916,
        0.9497399926185608,
        0.9506999850273132,
        0.9531400203704834,
        0.953760027885437,
        0.9547200202941895,
        0.9553200006484985,
        0.9572799801826477,
        0.9560999870300293,
        0.957099974155426,
        0.958299994468689,
        0.958840012550354,
        0.9590200185775757,
        0.959659993648529,
        0.9605399966239929,
        0.9602000117301941,
        0.9623399972915649,
        0.962939977645874,
        0.9638199806213379,
        0.9644200205802917,
        0.9627799987792969,
        0.9636200070381165,
        0.9637200236320496,
        0.9652199745178223,
        0.9641600251197815,
        0.9643200039863586,
        0.9648200273513794,
        0.9639999866485596,
        0.9664400219917297,
        0.9663000106811523,
        0.9666600227355957,
        0.9662399888038635,
        0.967519998550415,
        0.9679800271987915,
        0.9668800234794617,
        0.9669399857521057,
        0.9677000045776367,
        0.96670001745224,
        0.9677000045776367,
        0.968559980392456,
        0.9681400060653687,
        0.9691799879074097,
        0.9697200059890747,
        0.9691200256347656,
        0.9692599773406982,
        0.9699400067329407,
        0.9696999788284302,
        0.9692400097846985,
        0.9693199992179871,
        0.9689199924468994,
        0.9698600172996521,
        0.9706400036811829,
        0.9701399803161621,
        0.9702399969100952,
        0.9688799977302551,
        0.9693800210952759,
        0.9700400233268738,
        0.9700999855995178,
        0.9696400165557861,
        0.9702799916267395,
        0.9698399901390076,
        0.9707000255584717,
        0.9707599878311157,
        0.9714400172233582,
        0.9714199900627136
    ],