{
    "model_name": "simple_net_v2",
    "params": 438890,
    "test_accuracy": 0.9467,
    "training_speed": 6.099221346378326,
    "inference_speed": 3.750159740447998e-05,
    "loss": [
        0.9398462863349915,
        0.7677414469718933,
        0.7219518164253235,
        0.6979830727005005,
        0.6737688765144348,
        0.6641769471549988,
        0.6485120917701721,
        0.6364814854431152,
        0.6268671608161926,
        0.6238703356361389,
        0.6133099519920349,
        0.6130435899448394,
        0.6038171020507812,
        0.6034716693496704,
        0.5983953281211853,
        0.5933057375240326,
        0.5882058447265625,
        0.585006710395813,
        0.5827201169967652,
        0.5775528768539429,
        0.5758844136428833,
        0.5708654517745971,
        0.566167246465683,
        0.5608857285881043,
        0.5599947029876708,
        0.5543376519393921,
        0.5499529927444458,
        0.5507237656211853,
        0.5444311120796204,
        0.5431169590187073,
        0.536396061706543,
        0.5385705872535705,
        0.5361983371162414,
        0.5338150633430481,
        0.5295382189178467,
        0.5246919931221008,
        0.5280338029289245,
        0.5285123633384705,
        0.5246231985282898,
        0.5222811308670043,
        0.5218312695217132,
        0.5162326558303832,
        0.5181438730049134,
        0.5176170653152465,
        0.5136264957237243,
        0.5127139015960693,
        0.5091177843666077,
        0.5087739125442505,
        0.5071477776527404,
        0.5090874761390686,
        0.5082896937656403,
        0.5060625495719909,
        0.5061751085662842,
        0.5052170433235168,
        0.5062196068191528,
        0.5014000006866455,
        0.5023707343864441,
        0.5026402458953857,
        0.5033316357326507,
        0.49710769461631776,
        0.5009376962089539,
        0.4988306417655945,
        0.4980187130355835,
        0.5007640535640716,
        0.49673838233947754,
        0.49571909653663637,
        0.4962184484863281,
        0.4968832090950012,
        0.4955733601951599,
        0.4930784195899963,
        0.4911418646335602,
        0.49267881046295164,
        0.4926784073638916,
        0.4927036531829834,
        0.495548145942688,
        0.49203053396224977,
        0.49459015644073484,
        0.4896811013126373,
        0.49720028232574465,
        0.4909379236412048,
        0.4919996169471741,
        0.4891745059108734,
        0.4904242211818695,
        0.49126949476242066,
        0.48930990703582766,
        0.49197422605514524,
        0.48824929430007935,
        0.4889305331802368,
        0.48810238521575927,
        0.4892891614532471,
        0.49219124408721926,
        0.48772253255844117,
        0.48849157077789307,
        0.4895954195594788,
        0.48828528818130496,
        0.4901299913597107,
        0.49064036182403564,
        0.4886635103034973,
        0.48757237087249755,
        0.4914509529495239
    ],
    "accuracy": [
        0.7593399882316589,
        0.8157399892807007,
        0.8292999863624573,
        0.8340200185775757,
        0.8411999940872192,
        0.8424999713897705,
        0.846780002117157,
        0.8530799746513367,
        0.8550800085067749,
        0.8550400137901306,
        0.8613399863243103,
        0.861739993095398,
        0.8646199703216553,
        0.8643400073051453,
        0.8644800186157227,
        0.8682000041007996,
        0.8705800175666809,
        0.8718600273132324,
        0.8710600137710571,
        0.8734400272369385,
        0.8745399713516235,
        0.8782200217247009,
        0.878279983997345,
        0.8802000284194946,
        0.8815600275993347,
        0.8817999958992004,
        0.885200023651123,
        0.8830400109291077,
        0.8849999904632568,
        0.8880400061607361,
        0.8893200159072876,
        0.889739990234375,
        0.8902400135993958,
        0.8907999992370605,
        0.8925399780273438,
        0.8946999907493591,
        0.8920999765396118,
        0.8935400247573853,
        0.8967400193214417,
        0.8946800231933594,
        0.8975800275802612,
        0.8994600176811218,
        0.8977400064468384,
        0.8996400237083435,
        0.9018200039863586,
        0.8989400267601013,
        0.9022799730300903,
        0.9007999897003174,
        0.9029200077056885,
        0.9020799994468689,
        0.9012399911880493,
        0.9025800228118896,
        0.9033200144767761,
        0.9034199714660645,
        0.9025400280952454,
        0.9035000205039978,
        0.9030399918556213,
        0.9038800001144409,
        0.9063799977302551,
        0.9076799750328064,
        0.905460000038147,
        0.906279981136322,
        0.906440019607544,
        0.9061800241470337,
        0.9065399765968323,
        0.9064000248908997,
        0.9069399833679199,
        0.9052000045776367,
        0.9093999862670898,
        0.9075000286102295,
        0.9074000120162964,
        0.9087399840354919,
        0.9087799787521362,
        0.9096400141716003,
        0.9076600074768066,
        0.9067000150680542,
        0.9081599712371826,
        0.9075599908828735,
        0.9093400239944458,
        0.9096400141716003,
        0.910539984703064,
        0.9103599786758423,
        0.9095600247383118,
        0.908519983291626,
        0.9093000292778015,
        0.9098399877548218,
        0.9106799960136414,
        0.9089800119400024,
        0.9089599847793579,
        0.9102799892425537,
        0.9093000292778015,
        0.9111199975013733,
        0.9112600088119507,
        0.9079999923706055,
        0.9081599712371826,
        0.9124400019645691,
        0.9114000201225281,
        0.9094600081443787,
        0.9104200005531311,
        0.9088000059127808
    ],