{
    "model_name": "simple_net_v1",
    "params": 707594,
    "test_accuracy": 0.9449,
    "training_speed": 7.504340238571167,
    "inference_speed": 4.531364440917969e-05,
    "loss": [
        1.0346784900283814,
        0.7951305352020264,
        0.7413785021591186,
        0.7008759637641907,
        0.6814654159164428,
        0.659416956653595,
        0.6454713564109802,
        0.6319307972145081,
        0.6246459659194946,
        0.6105611823272705,
        0.6072437504577637,
        0.5996960570335388,
        0.5909829798507691,
        0.5850192509651184,
        0.5827825542259216,
        0.5752052589797974,
        0.5727959559631348,
        0.566305699558258,
        0.5618030728912353,
        0.5583033206558228,
        0.5554361953639985,
        0.5483685104179382,
        0.5421557544517517,
        0.5434334256744385,
        0.5371650290679931,
        0.5315090335845948,
        0.5329688734340667,
        0.5262211576843262,
        0.5202544679164887,
        0.5215362569999695,
        0.5147707205772399,
        0.5076803930091858,
        0.509656902923584,
        0.5073925595283508,
        0.5037938510894775,
        0.5053791283798218,
        0.5015216122245788,
        0.4980512114906311,
        0.4979886317443848,
        0.49387175657272336,
        0.4924761549282074,
        0.48787285681724546,
        0.48919008821487425,
        0.4872110262680054,
        0.4864988926792145,
        0.4829406159591675,
        0.4828274969291687,
        0.48261233139038084,
        0.47984793228149414,
        0.47648104249954226,
        0.4757718594741821,
        0.4777882472038269,
        0.47453918142318724,
        0.47173555070877077,
        0.4744939863681793,
        0.4697637650680542,
        0.47304962783813476,
        0.47369984508514407,
        0.47279298705101014,
        0.47043227375030516,
        0.47127138362884524,
        0.46952828161239624,
        0.46880330735206605,
        0.46707883298873903,
        0.4633880029964447,
        0.46990946500778197,
        0.4650442175960541,
        0.4639529454421997,
        0.46480625213623045,
        0.4652568690109253,
        0.4634027886581421,
        0.462794442358017,
        0.4619630853176117,
        0.46396684944152833,
        0.4643175147151947,
        0.46311318965911863,
        0.4615275556945801,
        0.46166573022842405,
        0.4607680796051025,
        0.46262483373641966,
        0.46122817375183106,
        0.46097146112442017,
        0.457488046207428,
        0.4612422524833679,
        0.4579575138950348,
        0.46078626567840575,
        0.4581558707332611,
        0.459355264339447,
        0.4610489279937744,
        0.45994826446533205,
        0.4535580888366699,
        0.4590033218288422,
        0.4624150824546814,
        0.4574164386558533,
        0.45947907057762144,
        0.4606822972774506,
        0.4596287194442749,
        0.4575360274410248,
        0.45911363330841065,
        0.46137811124801636
    ],
    "accuracy": [
        0.7170199751853943,
        0.7996000051498413,
        0.8186600208282471,
        0.8308799862861633,
        0.8362200260162354,
        0.8446000218391418,
        0.8480600118637085,
        0.8525800108909607,
        0.8559399843215942,
        0.8608400225639343,
        0.8616999983787537,
        0.8648599982261658,
        0.8679999709129333,
        0.87117999792099,
        0.8713399767875671,
        0.8734999895095825,
        0.8774399757385254,
        0.8771200180053711,
        0.8817800283432007,
        0.8823599815368652,
        0.8812599778175354,
        0.8841400146484375,
        0.8886600136756897,
        0.8894199728965759,
        0.8901000022888184,
        0.8913800120353699,
        0.8931999802589417,
        0.8962399959564209,
        0.8975399732589722,
        0.8980600237846375,
        0.9006800055503845,
        0.9029600024223328,
        0.9016799926757812,
        0.9022600054740906,
        0.905460000038147,
        0.9052000045776367,
        0.9058399796485901,
        0.9076399803161621,
        0.9067999720573425,
        0.9105600118637085,
        0.9085000157356262,
        0.9123200178146362,
        0.9124199748039246,
        0.9117599725723267,
        0.9137399792671204,
        0.9160199761390686,
        0.9152200222015381,
        0.9158599972724915,
        0.916920006275177,
        0.9139999747276306,
        0.9161199927330017,
        0.9145600199699402,
        0.917680025100708,
        0.9195200204849243,
        0.9167600274085999,
        0.9190199971199036,
        0.919700026512146,
        0.9183200001716614,
        0.9180999994277954,
        0.9204199910163879,
        0.9201599955558777,
        0.9213600158691406,
        0.9206200242042542,
        0.921019971370697,
        0.9220399856567383,
        0.9214199781417847,
        0.9231799840927124,
        0.9229599833488464,
        0.9209200143814087,
        0.9225599765777588,
        0.923039972782135,
        0.9239799976348877,
        0.9249200224876404,
        0.9230599999427795,
        0.9190599918365479,
        0.9236199855804443,
        0.9236800074577332,
        0.9246799945831299,
        0.9232800006866455,
        0.9231600165367126,
        0.9242799878120422,
        0.9251000285148621,
        0.9248800277709961,
        0.9225599765777588,
        0.9252399802207947,
        0.924780011177063,
        0.9261999726295471,
        0.9247000217437744,
        0.9243000149726868,
        0.925279974937439,
        0.9259600043296814,
        0.923039972782135,
        0.924340009689331,
        0.925279974937439,
        0.9252200126647949,
        0.9246600270271301,
        0.924340009689331,
        0.9258800148963928,
        0.9244999885559082,
        0.923799991607666
    ],