{
    "model_name": "simple_net_v1",
    "params": 707594,
    "test_accuracy": 0.9461,
    "training_speed": 9.332233715057374,
    "inference_speed": 4.399418830871582e-05,
    "loss": [
        0.6691375707817078,
        0.4119719949913025,
        0.3447664582633972,
        0.30722397643089294,
        0.28413778586387634,
        0.2687047269773483,
        0.25626925332546235,
        0.2439414733505249,
        0.2353631676530838,
        0.22935316922187804,
        0.21692444417476653,
        0.21211562442302703,
        0.20784620115756988,
        0.2017542259454727,
        0.1975409565448761,
        0.19466762023448944,
        0.18538944460868836,
        0.18383365267276763,
        0.18077569629192353,
        0.17268865314483642,
        0.169026109457016,
        0.16191822105407716,
        0.16191445377111435,
        0.15281275220394133,
        0.1485457811641693,
        0.144576359167099,
        0.13666916962146758,
        0.13532013030052184,
        0.12861773966550827,
        0.1282738450860977,
        0.12531569059848785,
        0.12039129791140556,
        0.1179359212589264,
        0.11277286982536316,
        0.11246443356275558,
        0.10708033183574676,
        0.1058897919845581,
        0.10284751967430114,
        0.10214895608305931,
        0.09554885492324829,
        0.09649212619066239,
        0.09231797887563706,
        0.09003138911962509,
        0.0897639134502411,
        0.08854895469665527,
        0.08756819583892822,
        0.0872659113407135,
        0.08435349983215332,
        0.0832996131849289,
        0.07964761380970478,
        0.07694639901161193,
        0.07743322787284851,
        0.07904438477993012,
        0.07521291371822357,
        0.0755217533659935,
        0.07322101485490799,
        0.07305493804931641,
        0.0720821279130876,
        0.07195305346250534,
        0.07236251009583473,
        0.06967113295674324,
        0.0662159838104248,
        0.06750707932472229,
        0.06732774798035622,
        0.06664341487884522,
        0.06608013687849044,
        0.06759693213224412,
        0.0659805559039116,
        0.06678633615136147,
        0.06456788922548294,
        0.06260043616771697,
        0.06404961077213288,
        0.06457083811640739,
        0.06233983699560165,
        0.06352055626869202,
        0.0640008589398861,
        0.060743677258491516,
        0.06199950596749783,
        0.06188563771724701,
        0.060953779659867285,
        0.060665262504816055,
        0.057817472373843194,
        0.06000169664502144,
        0.059999776258468626,
        0.05913951566934585,
        0.06021807579040527,
        0.05695065369486809,
        0.056510000576376916,
        0.05739656042098999,
        0.058986763443946835,
        0.05619039855957031,
        0.05715525534570217,
        0.05777930709719658,
        0.05995859242916107,
        0.05956461164474487,
        0.054949550678133965,
        0.05774884405374527,
        0.056315848391056064,
        0.05531424321770668,
        0.057776233931779865
    ],
    "accuracy": [
        0.7487999796867371,
        0.8464400172233582,
        0.8722800016403198,
        0.887179970741272,
        0.8962200284004211,
        0.9007200002670288,
        0.9042800068855286,
        0.9087600111961365,
        0.9119399785995483,
        0.9142000079154968,
        0.9181600213050842,
        0.9201599955558777,
        0.9226999878883362,
        0.9254999756813049,
        0.9253000020980835,
        0.9279999732971191,
        0.9308599829673767,
        0.9317200183868408,
        0.932420015335083,
        0.9351599812507629,
        0.936519980430603,
        0.9399399757385254,
        0.9391400218009949,
        0.9439799785614014,
        0.9436200261116028,
        0.9454200267791748,
        0.9490399956703186,
        0.9494199752807617,
        0.951200008392334,
        0.9527199864387512,
        0.9531599879264832,
        0.9553200006484985,
        0.9566799998283386,
        0.9572200179100037,
        0.9578400254249573,
        0.9600399732589722,
        0.9601399898529053,
        0.9611600041389465,
        0.9623200297355652,
        0.9649199843406677,
        0.9647200107574463,
        0.966159999370575,
        0.9666000008583069,
        0.9665799736976624,
        0.9668400287628174,
        0.9671800136566162,
        0.9673399925231934,
        0.9695799946784973,
        0.969760000705719,
        0.9714999794960022,
        0.9713000059127808,
        0.9715999960899353,
        0.9710400104522705,
        0.9722999930381775,
        0.9724199771881104,
        0.9740999937057495,
        0.9727799892425537,
        0.9739000201225281,
        0.9735199809074402,
        0.9736199975013733,
        0.9749600291252136,
        0.9760199785232544,
        0.9760400056838989,
        0.9753999710083008,
        0.9758999943733215,
        0.9766799807548523,
        0.975600004196167,
        0.9767000079154968,
        0.9763000011444092,
        0.9773399829864502,
        0.9772599935531616,
        0.9772199988365173,
        0.976360023021698,
        0.9770399928092957,
        0.9765599966049194,
        0.9773600101470947,
        0.9779599905014038,
        0.9775800108909607,
        0.9775800108909607,
        0.9782000184059143,
        0.9783400297164917,
        0.9791600108146667,
        0.9789199829101562,
        0.9785400032997131,
        0.9790199995040894,
        0.9787200093269348,
        0.9800999760627747,
        0.9794600009918213,
        0.9793800115585327,
        0.9784799814224243,
        0.9795799851417542,
        0.9796800017356873,
        0.9791200160980225,
        0.97843998670578,
        0.9783999919891357,
        0.9803599715232849,
        0.9785400032997131,
        0.9803599715232849,
        0.9801599979400635,
        0.9790400266647339
    ],