{
    "model_name": "simple_net_v1",
    "params": 707594,
    "test_accuracy": 0.9452,
    "training_speed": 9.628379616737366,
    "inference_speed": 4.375376701354981e-05,
    "loss": [
        1.1330376134872437,
        0.8825620513725281,
        0.8076281888961792,
        0.7618099591064453,
        0.7312293753623963,
        0.7097909118270874,
        0.6952992403030396,
        0.6846440901947022,
        0.6718655992126464,
        0.6604937302589416,
        0.6519456768226624,
        0.6476695170974731,
        0.641731797542572,
        0.6290631994247436,
        0.6295814598464966,
        0.627308552494049,
        0.6191766051101685,
        0.6137115196609497,
        0.610895890827179,
        0.6078434570884704,
        0.6007610265159606,
        0.5995261097049713,
        0.5946379899024964,
        0.5962412529373169,
        0.5898354218673706,
        0.581883309173584,
        0.5810306949806213,
        0.5772891240882874,
        0.573624495124817,
        0.5700985750961304,
        0.5662633727264405,
        0.5645981707382202,
        0.5588262171173096,
        0.5557515670013428,
        0.5563513345336915,
        0.5526484879875183,
        0.5505269305419922,
        0.5465452052402496,
        0.5486278030967713,
        0.5454336736679077,
        0.5467964099121094,
        0.5437192882537841,
        0.5428832000160217,
        0.5398475840377808,
        0.5359602570724488,
        0.5378103415298462,
        0.5354445399284363,
        0.5341467424583435,
        0.5291573188400268,
        0.5300759775924683,
        0.5292871341323853,
        0.5316662673568726,
        0.5307853817081452,
        0.5268538052558899,
        0.5289397872066498,
        0.5264172387313842,
        0.5293195314121246,
        0.5254916034507752,
        0.5243848338890076,
        0.5229531661987304,
        0.5239817266654968,
        0.521846517086029,
        0.5224410918807983,
        0.523990452041626,
        0.5205844848728179,
        0.5211677325439453,
        0.5172339969825744,
        0.5178570287322998,
        0.5156404719161988,
        0.5171610691261291,
        0.5214912382602692,
        0.5173785360336304,
        0.5161935510063171,
        0.5178627469253541,
        0.5196953897094727,
        0.514077440814972,
        0.5129134756469726,
        0.5172221653938294,
        0.5160131206130981,
        0.5125951310157776,
        0.5174562988471985,
        0.5130327013397217,
        0.5142582609176636,
        0.5105289879989624,
        0.5148723878479003,
        0.5121039370155335,
        0.5179227506065369,
        0.5149537252426147,
        0.5100888411521911,
        0.5132792599582672,
        0.5159244731712341,
        0.5115298733711243,
        0.5115531188583374,
        0.5108595929050446,
        0.5121666653251647,
        0.5127251964950561,
        0.513447546672821,
        0.5117586470794677,
        0.5130409369564056,
        0.5110793172454834
    ],
    "accuracy": [
        0.6657199859619141,
        0.7640799880027771,
        0.7894200086593628,
        0.8050600290298462,
        0.8170999884605408,
        0.8214399814605713,
        0.825439989566803,
        0.8288999795913696,
        0.8353800177574158,
        0.8371000289916992,
        0.8416799902915955,
        0.8453599810600281,
        0.8474599719047546,
        0.8500800132751465,
        0.8510000109672546,
        0.8521999716758728,
        0.8521000146865845,
        0.8581200242042542,
        0.8581399917602539,
        0.8590400218963623,
        0.8623999953269958,
        0.864139974117279,
        0.8641999959945679,
        0.8642600178718567,
        0.8666999936103821,
        0.8690800070762634,
        0.8717600107192993,
        0.8700600266456604,
        0.873740017414093,
        0.8746799826622009,
        0.8784000277519226,
        0.8773999810218811,
        0.8785600066184998,
        0.8826799988746643,
        0.8801000118255615,
        0.8821399807929993,
        0.8824999928474426,
        0.885200023651123,
        0.8840600252151489,
        0.8841400146484375,
        0.8837800025939941,
        0.8868200182914734,
        0.8860999941825867,
        0.8876000046730042,
        0.8903599977493286,
        0.8905199766159058,
        0.8896200060844421,
        0.8904399871826172,
        0.891260027885437,
        0.8924000263214111,
        0.8928999900817871,
        0.89274001121521,
        0.8899400234222412,
        0.8914399743080139,
        0.8908399939537048,
        0.8941199779510498,
        0.8935199975967407,
        0.8933200240135193,
        0.8950600028038025,
        0.8927599787712097,
        0.8974599838256836,
        0.8964800238609314,
        0.8942400217056274,
        0.8939200043678284,
        0.8946599960327148,
        0.898140013217926,
        0.8974000215530396,
        0.8982399702072144,
        0.8991199731826782,
        0.8972200155258179,
        0.8950200080871582,
        0.8952800035476685,
        0.8975399732589722,
        0.8983799815177917,
        0.8964200019836426,
        0.898639976978302,
        0.8992400169372559,
        0.898419976234436,
        0.8991400003433228,
        0.8996599912643433,
        0.8978999853134155,
        0.899619996547699,
        0.8984000086784363,
        0.9013800024986267,
        0.8984400033950806,
        0.8997200131416321,
        0.8973600268363953,
        0.9002000093460083,
        0.8997799754142761,
        0.8976799845695496,
        0.8984799981117249,
        0.9004200100898743,
        0.8995000123977661,
        0.8992400169372559,
        0.8996800184249878,
        0.8997200131416321,
        0.8980200290679932,
        0.901199996471405,
        0.8987799882888794,
        0.8999000191688538
    ],